stream,chunks,source_rows,gzip_bytes,max_chunk_bytes,max_chunk_span_ms,rows_per_hour,bytes_per_hour,projected_bytes_per_day,share_pct
depth_1s,56781,56781,66245652,1330,0,9463.5,11040942.0,264982608,35.54789943361316
raw_trades,43440,341341,65856219,135177,1137,56890.166666666664,10976036.5,263424876,35.33892684896518
derived_1s,56781,56781,39250252,750,0,9463.5,6541708.666666667,157001008,21.061971144007664
derived_5s,12957,12957,9129768,750,0,2159.5,1521628.0,36519072,4.899100015140911
feature_pipeline_status,6276,6276,2598389,449,0,1046.0,433064.8333333333,10393556,1.3943144655200415
derived_60s,1080,1080,772125,754,0,180.0,128687.5,3088500,0.4143278995907318
aux_oi_5m,1305,1305,490078,381,0,217.5,81679.66666666667,1960312,0.26297942480249525
aux_long_short_5m,1305,1305,484387,377,0,217.5,80731.16666666667,1937548,0.25992559274606547
aux_funding,1305,1305,474323,370,0,217.5,79053.83333333333,1897292,0.2545251770342557
aux_premium_1m,1305,1305,465503,363,0,217.5,77583.83333333333,1862012,0.2497923007844383
live_ohlc,1080,1080,465458,441,0,180.0,77576.33333333333,1861832,0.24976815345663309
raw_liquidations,276,335,123870,1812,973,55.833333333333336,20645.0,495480,0.06646954433842181
