cell,MAE,SD,q90
0,16.904361861143176,23.559557605317234,33.60330089819948
1,18.070633035400082,25.14285981375802,35.746438973556145
2,19.471435939457546,28.371048716978866,37.986439243779664
3,20.944532725869003,31.639604885301097,40.5751157274438
4,22.264920089438174,30.99465904106219,44.07367883575999
5,24.906239682331897,41.12113404577224,46.55962645102438
6,26.68193885885992,41.67740420695401,51.056335248635776
7,29.873340850758638,44.54325877943263,55.743082034916455
8,36.31285338658822,65.09447947065136,64.3089185452405
9,84.25533774927908,171.72178268708996,171.90214162164995
