feature_name,column,description,mathematical_formula,computation_reference,source_data_stream,timeframe,knownAt_rule,causal_contemporaneous,retrospective_only,missing_value_policy,normalization_policy,clipping_winsorization_policy,provenance_phase,stability_status,eligible_for_training,reason_if_ineligible,leakage_risk_notes,dtype,timestamp_column,locked_order,phase3a_use
event_type,x__event_type,event type,Frozen V1 exact Decimal detector BOS or SWEEP; ANCHOR supported but unpopulated,scripts/build_dataset.py:causal_features; scripts/frozen_indicators.py,completed OHLC,15m,knownAt,True,False,forbidden,native units; scaler fitted on TRAIN only for linear models,none; future changes require prior TRAIN-only freeze,V1,event definition frozen,True,,No predictive usefulness implied. Prefix invariance required.,string,event_type__available_ms,0,A/B/C state prediction only; no feature gate
side,x__side,side,Frozen direction +1 BUY / -1 SELL; side selected at event knownAt,scripts/build_dataset.py:causal_features; scripts/frozen_indicators.py,completed OHLC,15m,knownAt,True,False,forbidden,native units; scaler fitted on TRAIN only for linear models,none; future changes require prior TRAIN-only freeze,V1,not established; no gate,True,,No predictive usefulness implied. Prefix invariance required.,int64,side__available_ms,1,A/B/C state prediction only; no feature gate
structural_level_age_bars,x__structural_level_age_bars,structural level age bars,(knownAt-level_knownAt)/(15*60000),scripts/build_dataset.py:causal_features; scripts/frozen_indicators.py,completed OHLC,15m,knownAt,True,False,null plus training-only imputation indicator,native units; scaler fitted on TRAIN only for linear models,none; future changes require prior TRAIN-only freeze,V1,not established; no gate,True,,No predictive usefulness implied. Prefix invariance required.,float64,structural_level_age_bars__available_ms,2,A/B/C state prediction only; no feature gate
distance_to_level_atr,x__distance_to_level_atr,distance to level atr,direction*(trigger_close-level)/frozen_ATR15,scripts/build_dataset.py:causal_features; scripts/frozen_indicators.py,completed OHLC,15m,knownAt,True,False,null plus training-only imputation indicator,native units; scaler fitted on TRAIN only for linear models,none; future changes require prior TRAIN-only freeze,V1,not established; no gate,True,,No predictive usefulness implied. Prefix invariance required.,float64,distance_to_level_atr__available_ms,3,A/B/C state prediction only; no feature gate
sweep_penetration_atr,x__sweep_penetration_atr,sweep penetration atr,SWEEP only: BUY (level-trigger_low)/ATR; SELL (trigger_high-level)/ATR,scripts/build_dataset.py:causal_features; scripts/frozen_indicators.py,completed OHLC,15m,knownAt,True,False,structural null for BOS; impute with family indicator,native units; scaler fitted on TRAIN only for linear models,none; future changes require prior TRAIN-only freeze,V2/V4,not established; no gate,True,,No predictive usefulness implied. Prefix invariance required.,float64,sweep_penetration_atr__available_ms,4,A/B/C state prediction only; no feature gate
failed_acceptance_atr,x__failed_acceptance_atr,failed acceptance atr,SWEEP only: direction*(trigger_close-level)/ATR,scripts/build_dataset.py:causal_features; scripts/frozen_indicators.py,completed OHLC,15m,knownAt,True,False,structural null for BOS; impute with family indicator,native units; scaler fitted on TRAIN only for linear models,none; future changes require prior TRAIN-only freeze,V2/V4,not established; no gate,True,,No predictive usefulness implied. Prefix invariance required.,float64,failed_acceptance_atr__available_ms,5,A/B/C state prediction only; no feature gate
trigger_body_atr,x__trigger_body_atr,trigger body atr,abs(trigger_close-trigger_open)/ATR,scripts/build_dataset.py:causal_features; scripts/frozen_indicators.py,completed OHLC,15m,knownAt,True,False,null plus training-only imputation indicator,native units; scaler fitted on TRAIN only for linear models,none; future changes require prior TRAIN-only freeze,V1,not established; no gate,True,,No predictive usefulness implied. Prefix invariance required.,float64,trigger_body_atr__available_ms,6,A/B/C state prediction only; no feature gate
trigger_range_atr,x__trigger_range_atr,trigger range atr,(trigger_high-trigger_low)/ATR,scripts/build_dataset.py:causal_features; scripts/frozen_indicators.py,completed OHLC,15m,knownAt,True,False,null plus training-only imputation indicator,native units; scaler fitted on TRAIN only for linear models,none; future changes require prior TRAIN-only freeze,V1,not established; no gate,True,,No predictive usefulness implied. Prefix invariance required.,float64,trigger_range_atr__available_ms,7,A/B/C state prediction only; no feature gate
trigger_turnover_shock,x__trigger_turnover_shock,trigger turnover shock,ln(trigger_turnover/mean(turnover of previous 96 completed 15m bars)),scripts/build_dataset.py:causal_features; scripts/frozen_indicators.py,completed OHLC,15m,knownAt,True,False,null plus training-only imputation indicator,native units; scaler fitted on TRAIN only for linear models,none; future changes require prior TRAIN-only freeze,V1,not established; no gate,True,,No predictive usefulness implied. Prefix invariance required.,float64,trigger_turnover_shock__available_ms,8,A/B/C state prediction only; no feature gate
pre15_rv_bps,x__pre15_rv_bps,pre15 rv bps,"10000*sqrt(sum(ln(C_t/C_(t-1))^2)); window [q-15m-h,q-15m); trigger excluded",scripts/build_dataset.py:causal_features; scripts/frozen_indicators.py,cached minute OHLC/turnover,1m,q-15m,True,False,null plus training-only imputation indicator,native units; scaler fitted on TRAIN only for linear models,none; future changes require prior TRAIN-only freeze,V4/V5,not established; no gate,True,,No predictive usefulness implied. Prefix invariance required.,float64,pre15_rv_bps__available_ms,9,A/B/C state prediction only; no feature gate
pre15_abs_return_sum_bps,x__pre15_abs_return_sum_bps,pre15 abs return sum bps,"10000*sum(abs(ln(C_t/C_(t-1)))); window [q-15m-h,q-15m); trigger excluded",scripts/build_dataset.py:causal_features; scripts/frozen_indicators.py,cached minute OHLC/turnover,1m,q-15m,True,False,null plus training-only imputation indicator,native units; scaler fitted on TRAIN only for linear models,none; future changes require prior TRAIN-only freeze,V4/V5,not established; no gate,True,,No predictive usefulness implied. Prefix invariance required.,float64,pre15_abs_return_sum_bps__available_ms,10,A/B/C state prediction only; no feature gate
pre15_range_atr,x__pre15_range_atr,pre15 range atr,"(max(H)-min(L))/frozen_ATR15; window [q-15m-h,q-15m); trigger excluded",scripts/build_dataset.py:causal_features; scripts/frozen_indicators.py,cached minute OHLC/turnover,1m,q-15m,True,False,null plus training-only imputation indicator,native units; scaler fitted on TRAIN only for linear models,none; future changes require prior TRAIN-only freeze,V4/V5,not established; no gate,True,,No predictive usefulness implied. Prefix invariance required.,float64,pre15_range_atr__available_ms,11,A/B/C state prediction only; no feature gate
pre15_turnover_intensity,x__pre15_turnover_intensity,pre15 turnover intensity,"mean(minute_turnover)/mean(minute_turnover on [q-1560m,q-120m)); window [q-15m-h,q-15m); trigger excluded",scripts/build_dataset.py:causal_features; scripts/frozen_indicators.py,cached minute OHLC/turnover,1m,q-15m,True,False,null plus training-only imputation indicator,native units; scaler fitted on TRAIN only for linear models,none; future changes require prior TRAIN-only freeze,V4/V5,not established; no gate,True,,No predictive usefulness implied. Prefix invariance required.,float64,pre15_turnover_intensity__available_ms,12,A/B/C state prediction only; no feature gate
pre15_sign_changes,x__pre15_sign_changes,pre15 sign changes,"count switches between successive nonzero minute return signs within window; window [q-15m-h,q-15m); trigger excluded",scripts/build_dataset.py:causal_features; scripts/frozen_indicators.py,cached minute OHLC/turnover,1m,q-15m,True,False,null plus training-only imputation indicator,native units; scaler fitted on TRAIN only for linear models,none; future changes require prior TRAIN-only freeze,V4/V5,not established; no gate,True,,No predictive usefulness implied. Prefix invariance required.,float64,pre15_sign_changes__available_ms,13,A/B/C state prediction only; no feature gate
pre30_rv_bps,x__pre30_rv_bps,pre30 rv bps,"10000*sqrt(sum(ln(C_t/C_(t-1))^2)); window [q-15m-h,q-15m); trigger excluded",scripts/build_dataset.py:causal_features; scripts/frozen_indicators.py,cached minute OHLC/turnover,1m,q-15m,True,False,null plus training-only imputation indicator,native units; scaler fitted on TRAIN only for linear models,none; future changes require prior TRAIN-only freeze,V4/V5,not established; no gate,True,,No predictive usefulness implied. Prefix invariance required.,float64,pre30_rv_bps__available_ms,14,A/B/C state prediction only; no feature gate
pre30_abs_return_sum_bps,x__pre30_abs_return_sum_bps,pre30 abs return sum bps,"10000*sum(abs(ln(C_t/C_(t-1)))); window [q-15m-h,q-15m); trigger excluded",scripts/build_dataset.py:causal_features; scripts/frozen_indicators.py,cached minute OHLC/turnover,1m,q-15m,True,False,null plus training-only imputation indicator,native units; scaler fitted on TRAIN only for linear models,none; future changes require prior TRAIN-only freeze,V4/V5,not established; no gate,True,,No predictive usefulness implied. Prefix invariance required.,float64,pre30_abs_return_sum_bps__available_ms,15,A/B/C state prediction only; no feature gate
pre30_range_atr,x__pre30_range_atr,pre30 range atr,"(max(H)-min(L))/frozen_ATR15; window [q-15m-h,q-15m); trigger excluded",scripts/build_dataset.py:causal_features; scripts/frozen_indicators.py,cached minute OHLC/turnover,1m,q-15m,True,False,null plus training-only imputation indicator,native units; scaler fitted on TRAIN only for linear models,none; future changes require prior TRAIN-only freeze,V4/V5,not established; no gate,True,,No predictive usefulness implied. Prefix invariance required.,float64,pre30_range_atr__available_ms,16,A/B/C state prediction only; no feature gate
pre30_turnover_intensity,x__pre30_turnover_intensity,pre30 turnover intensity,"mean(minute_turnover)/mean(minute_turnover on [q-1560m,q-120m)); window [q-15m-h,q-15m); trigger excluded",scripts/build_dataset.py:causal_features; scripts/frozen_indicators.py,cached minute OHLC/turnover,1m,q-15m,True,False,null plus training-only imputation indicator,native units; scaler fitted on TRAIN only for linear models,none; future changes require prior TRAIN-only freeze,V4/V5,not established; no gate,True,,No predictive usefulness implied. Prefix invariance required.,float64,pre30_turnover_intensity__available_ms,17,A/B/C state prediction only; no feature gate
pre30_sign_changes,x__pre30_sign_changes,pre30 sign changes,"count switches between successive nonzero minute return signs within window; window [q-15m-h,q-15m); trigger excluded",scripts/build_dataset.py:causal_features; scripts/frozen_indicators.py,cached minute OHLC/turnover,1m,q-15m,True,False,null plus training-only imputation indicator,native units; scaler fitted on TRAIN only for linear models,none; future changes require prior TRAIN-only freeze,V4/V5,not established; no gate,True,,No predictive usefulness implied. Prefix invariance required.,float64,pre30_sign_changes__available_ms,18,A/B/C state prediction only; no feature gate
pre60_rv_bps,x__pre60_rv_bps,pre60 rv bps,"10000*sqrt(sum(ln(C_t/C_(t-1))^2)); window [q-15m-h,q-15m); trigger excluded",scripts/build_dataset.py:causal_features; scripts/frozen_indicators.py,cached minute OHLC/turnover,1m,q-15m,True,False,null plus training-only imputation indicator,native units; scaler fitted on TRAIN only for linear models,none; future changes require prior TRAIN-only freeze,V4/V5,not established; no gate,True,,No predictive usefulness implied. Prefix invariance required.,float64,pre60_rv_bps__available_ms,19,A/B/C state prediction only; no feature gate
pre60_abs_return_sum_bps,x__pre60_abs_return_sum_bps,pre60 abs return sum bps,"10000*sum(abs(ln(C_t/C_(t-1)))); window [q-15m-h,q-15m); trigger excluded",scripts/build_dataset.py:causal_features; scripts/frozen_indicators.py,cached minute OHLC/turnover,1m,q-15m,True,False,null plus training-only imputation indicator,native units; scaler fitted on TRAIN only for linear models,none; future changes require prior TRAIN-only freeze,V4/V5,not established; no gate,True,,No predictive usefulness implied. Prefix invariance required.,float64,pre60_abs_return_sum_bps__available_ms,20,A/B/C state prediction only; no feature gate
pre60_range_atr,x__pre60_range_atr,pre60 range atr,"(max(H)-min(L))/frozen_ATR15; window [q-15m-h,q-15m); trigger excluded",scripts/build_dataset.py:causal_features; scripts/frozen_indicators.py,cached minute OHLC/turnover,1m,q-15m,True,False,null plus training-only imputation indicator,native units; scaler fitted on TRAIN only for linear models,none; future changes require prior TRAIN-only freeze,V4/V5,not established; no gate,True,,No predictive usefulness implied. Prefix invariance required.,float64,pre60_range_atr__available_ms,21,A/B/C state prediction only; no feature gate
pre60_turnover_intensity,x__pre60_turnover_intensity,pre60 turnover intensity,"mean(minute_turnover)/mean(minute_turnover on [q-1560m,q-120m)); window [q-15m-h,q-15m); trigger excluded",scripts/build_dataset.py:causal_features; scripts/frozen_indicators.py,cached minute OHLC/turnover,1m,q-15m,True,False,null plus training-only imputation indicator,native units; scaler fitted on TRAIN only for linear models,none; future changes require prior TRAIN-only freeze,V4/V5,not established; no gate,True,,No predictive usefulness implied. Prefix invariance required.,float64,pre60_turnover_intensity__available_ms,22,A/B/C state prediction only; no feature gate
pre60_sign_changes,x__pre60_sign_changes,pre60 sign changes,"count switches between successive nonzero minute return signs within window; window [q-15m-h,q-15m); trigger excluded",scripts/build_dataset.py:causal_features; scripts/frozen_indicators.py,cached minute OHLC/turnover,1m,q-15m,True,False,null plus training-only imputation indicator,native units; scaler fitted on TRAIN only for linear models,none; future changes require prior TRAIN-only freeze,V4/V5,not established; no gate,True,,No predictive usefulness implied. Prefix invariance required.,float64,pre60_sign_changes__available_ms,23,A/B/C state prediction only; no feature gate
pre120_rv_bps,x__pre120_rv_bps,pre120 rv bps,"10000*sqrt(sum(ln(C_t/C_(t-1))^2)); window [q-15m-h,q-15m); trigger excluded",scripts/build_dataset.py:causal_features; scripts/frozen_indicators.py,cached minute OHLC/turnover,1m,q-15m,True,False,null plus training-only imputation indicator,native units; scaler fitted on TRAIN only for linear models,none; future changes require prior TRAIN-only freeze,V4/V5,not established; no gate,True,,No predictive usefulness implied. Prefix invariance required.,float64,pre120_rv_bps__available_ms,24,A/B/C state prediction only; no feature gate
pre120_abs_return_sum_bps,x__pre120_abs_return_sum_bps,pre120 abs return sum bps,"10000*sum(abs(ln(C_t/C_(t-1)))); window [q-15m-h,q-15m); trigger excluded",scripts/build_dataset.py:causal_features; scripts/frozen_indicators.py,cached minute OHLC/turnover,1m,q-15m,True,False,null plus training-only imputation indicator,native units; scaler fitted on TRAIN only for linear models,none; future changes require prior TRAIN-only freeze,V4/V5,not established; no gate,True,,No predictive usefulness implied. Prefix invariance required.,float64,pre120_abs_return_sum_bps__available_ms,25,A/B/C state prediction only; no feature gate
pre120_range_atr,x__pre120_range_atr,pre120 range atr,"(max(H)-min(L))/frozen_ATR15; window [q-15m-h,q-15m); trigger excluded",scripts/build_dataset.py:causal_features; scripts/frozen_indicators.py,cached minute OHLC/turnover,1m,q-15m,True,False,null plus training-only imputation indicator,native units; scaler fitted on TRAIN only for linear models,none; future changes require prior TRAIN-only freeze,V4/V5,not established; no gate,True,,No predictive usefulness implied. Prefix invariance required.,float64,pre120_range_atr__available_ms,26,A/B/C state prediction only; no feature gate
pre120_turnover_intensity,x__pre120_turnover_intensity,pre120 turnover intensity,"mean(minute_turnover)/mean(minute_turnover on [q-1560m,q-120m)); window [q-15m-h,q-15m); trigger excluded",scripts/build_dataset.py:causal_features; scripts/frozen_indicators.py,cached minute OHLC/turnover,1m,q-15m,True,False,null plus training-only imputation indicator,native units; scaler fitted on TRAIN only for linear models,none; future changes require prior TRAIN-only freeze,V4/V5,not established; no gate,True,,No predictive usefulness implied. Prefix invariance required.,float64,pre120_turnover_intensity__available_ms,27,A/B/C state prediction only; no feature gate
pre120_sign_changes,x__pre120_sign_changes,pre120 sign changes,"count switches between successive nonzero minute return signs within window; window [q-15m-h,q-15m); trigger excluded",scripts/build_dataset.py:causal_features; scripts/frozen_indicators.py,cached minute OHLC/turnover,1m,q-15m,True,False,null plus training-only imputation indicator,native units; scaler fitted on TRAIN only for linear models,none; future changes require prior TRAIN-only freeze,V4/V5,not established; no gate,True,,No predictive usefulness implied. Prefix invariance required.,float64,pre120_sign_changes__available_ms,28,A/B/C state prediction only; no feature gate
atr15,x__atr15,atr15,"mean(previous 14 completed-bar true ranges), trigger excluded",scripts/build_dataset.py:causal_features; scripts/frozen_indicators.py,completed OHLC,15m,q-15m,True,False,null; missing critical features may abstain,native units; scaler fitted on TRAIN only for linear models,none; future changes require prior TRAIN-only freeze,V1/V5,not established; no gate,True,,No predictive usefulness implied. Prefix invariance required.,float64,atr15__available_ms,29,A/B/C state prediction only; no feature gate
atr_acceleration_pre,x__atr_acceleration_pre,atr acceleration pre,(ATR at previous completed bar-ATR four completed bars earlier)/frozen_ATR15,scripts/build_dataset.py:causal_features; scripts/frozen_indicators.py,completed OHLC,15m,q-15m,True,False,null plus training-only imputation indicator,native units; scaler fitted on TRAIN only for linear models,none; future changes require prior TRAIN-only freeze,V4,not established; no gate,True,,No predictive usefulness implied. Prefix invariance required.,float64,atr_acceleration_pre__available_ms,30,A/B/C state prediction only; no feature gate
adx14,x__adx14,adx14,"Frozen V5 Wilder14(TR, +DM, -DM, DX); recursively seeded 14-observation mean; zero DI sum gives DX=0",scripts/build_dataset.py:causal_features; scripts/frozen_indicators.py,completed OHLC,15m,q-15m,True,False,null plus training-only imputation indicator,native units; scaler fitted on TRAIN only for linear models,none; future changes require prior TRAIN-only freeze,V5,V5 unstable descriptive; no threshold,True,,No predictive usefulness implied. Prefix invariance required.,float64,adx14__available_ms,31,A/B/C state prediction only; no feature gate
abs_ema25_slope4_atr,x__abs_ema25_slope4_atr,abs ema25 slope4 atr,"abs(EMA25[i-1]-EMA25[i-5])/ATR; adjust=False,min_periods=100; reset at gaps",scripts/build_dataset.py:causal_features; scripts/frozen_indicators.py,completed OHLC,15m,q-15m,True,False,null plus training-only imputation indicator,native units; scaler fitted on TRAIN only for linear models,none; future changes require prior TRAIN-only freeze,V5,V5 stable descriptive only,True,,No predictive usefulness implied. Prefix invariance required.,float64,abs_ema25_slope4_atr__available_ms,32,A/B/C state prediction only; no feature gate
directional_return30_bps,x__directional_return30_bps,directional return30 bps,direction*10000*ln(C[i-1]/C[i-1-2]); completed prior bars,scripts/build_dataset.py:causal_features; scripts/frozen_indicators.py,completed OHLC,15m,q (direction); price cutoff q-15m,True,False,null plus training-only imputation indicator,native units; scaler fitted on TRAIN only for linear models,none; future changes require prior TRAIN-only freeze,V5,V5 unstable descriptive; no gate,True,,No predictive usefulness implied. Prefix invariance required.,float64,directional_return30_bps__available_ms,33,A/B/C state prediction only; no feature gate
directional_return60_bps,x__directional_return60_bps,directional return60 bps,direction*10000*ln(C[i-1]/C[i-1-4]); completed prior bars,scripts/build_dataset.py:causal_features; scripts/frozen_indicators.py,completed OHLC,15m,q (direction); price cutoff q-15m,True,False,null plus training-only imputation indicator,native units; scaler fitted on TRAIN only for linear models,none; future changes require prior TRAIN-only freeze,V5,V5 unstable descriptive; no gate,True,,No predictive usefulness implied. Prefix invariance required.,float64,directional_return60_bps__available_ms,34,A/B/C state prediction only; no feature gate
rsi14,x__rsi14,rsi14,Frozen V5 Wilder14 positive/negative close changes; loss0 gain>0=>100; both0=>50,scripts/build_dataset.py:causal_features; scripts/frozen_indicators.py,completed OHLC,15m,q-15m,True,False,null plus training-only imputation indicator,native units; scaler fitted on TRAIN only for linear models,none; future changes require prior TRAIN-only freeze,V5,V5 unstable descriptive,True,,No predictive usefulness implied. Prefix invariance required.,float64,rsi14__available_ms,35,A/B/C state prediction only; no feature gate
strict_pre_extension_atr,x__strict_pre_extension_atr,strict pre extension atr,direction*(C[i-1]-C[i-5])/ATR; frozen V5/V4,scripts/build_dataset.py:causal_features; scripts/frozen_indicators.py,completed OHLC,15m,q (direction); price cutoff q-15m,True,False,null plus training-only imputation indicator,native units; scaler fitted on TRAIN only for linear models,none; future changes require prior TRAIN-only freeze,V4/V5,V5 unstable descriptive,True,,No predictive usefulness implied. Prefix invariance required.,float64,strict_pre_extension_atr__available_ms,36,A/B/C state prediction only; no feature gate
oi_state,x__oi_state,oi state,Exact Decimal current vs prior15m OI under V1 lag5m/maxage5m; EXPANDING/CONTRACTING/FLAT/MISSING,scripts/build_dataset.py:causal_features; scripts/frozen_indicators.py,frozen V1 READ_ROWS oi_5m,5m,knownAt,True,False,OI_MISSING distinct from FLAT,native units; scaler fitted on TRAIN only for linear models,none; future changes require prior TRAIN-only freeze,V1,not established; no gate,True,,Receipt timestamps absent. Eligible only under explicitly accepted V1 historical availability scenario; not receipt-certified.,string,oi_state__available_ms,37,A/B/C state prediction only; no feature gate
oi_change_5,x__oi_change_5,oi change 5,"OI_asof(q)/OI_asof(q-5m)-1; lag5m,maxage5m",scripts/build_dataset.py:causal_features; scripts/frozen_indicators.py,frozen V1 READ_ROWS oi_5m,5m,knownAt,True,False,null plus training-only imputation indicator,native units; scaler fitted on TRAIN only for linear models,none; future changes require prior TRAIN-only freeze,V1,not established; no gate,True,,"V1 modeled lag, not measured receipt time; denominator as-of evidence included.",float64,oi_change_5__available_ms,38,A/B/C state prediction only; no feature gate
oi_change_15,x__oi_change_15,oi change 15,"OI_asof(q)/OI_asof(q-15m)-1; lag5m,maxage5m",scripts/build_dataset.py:causal_features; scripts/frozen_indicators.py,frozen V1 READ_ROWS oi_5m,5m,knownAt,True,False,null plus training-only imputation indicator,native units; scaler fitted on TRAIN only for linear models,none; future changes require prior TRAIN-only freeze,V1,not established; no gate,True,,"V1 modeled lag, not measured receipt time; denominator as-of evidence included.",float64,oi_change_15__available_ms,39,A/B/C state prediction only; no feature gate
oi_change_30,x__oi_change_30,oi change 30,"OI_asof(q)/OI_asof(q-30m)-1; lag5m,maxage5m",scripts/build_dataset.py:causal_features; scripts/frozen_indicators.py,frozen V1 READ_ROWS oi_5m,5m,knownAt,True,False,null plus training-only imputation indicator,native units; scaler fitted on TRAIN only for linear models,none; future changes require prior TRAIN-only freeze,V1,not established; no gate,True,,"V1 modeled lag, not measured receipt time; denominator as-of evidence included.",float64,oi_change_30__available_ms,40,A/B/C state prediction only; no feature gate
oi_change_60,x__oi_change_60,oi change 60,"OI_asof(q)/OI_asof(q-60m)-1; lag5m,maxage5m",scripts/build_dataset.py:causal_features; scripts/frozen_indicators.py,frozen V1 READ_ROWS oi_5m,5m,knownAt,True,False,null plus training-only imputation indicator,native units; scaler fitted on TRAIN only for linear models,none; future changes require prior TRAIN-only freeze,V1,not established; no gate,True,,"V1 modeled lag, not measured receipt time; denominator as-of evidence included.",float64,oi_change_60__available_ms,41,A/B/C state prediction only; no feature gate
oi_acceleration,x__oi_acceleration,oi acceleration,oi_change15-(OI_asof(q-15m)/OI_asof(q-30m)-1),scripts/build_dataset.py:causal_features; scripts/frozen_indicators.py,frozen V1 READ_ROWS oi_5m,5m,knownAt,True,False,null plus training-only imputation indicator,native units; scaler fitted on TRAIN only for linear models,none; future changes require prior TRAIN-only freeze,V1,not established; no gate,True,,No predictive usefulness implied. Prefix invariance required.,float64,oi_acceleration__available_ms,42,A/B/C state prediction only; no feature gate
oi_z1d,x__oi_z1d,oi z1d,"(current-mean(prior))/sample_std(prior); exclude current, previous 288 available observations, >=96 finite; no future bins",scripts/build_dataset.py:causal_features; scripts/frozen_indicators.py,frozen V1 READ_ROWS oi_5m,5m,knownAt,True,False,null plus training-only imputation indicator,native units; scaler fitted on TRAIN only for linear models,none; future changes require prior TRAIN-only freeze,V1,not established; no gate,True,,No predictive usefulness implied. Prefix invariance required.,float64,oi_z1d__available_ms,43,A/B/C state prediction only; no feature gate
oi_percentile1d,x__oi_percentile1d,oi percentile1d,"mean(prior<=current); exclude current, previous 288 available observations, >=96 finite; no future bins",scripts/build_dataset.py:causal_features; scripts/frozen_indicators.py,frozen V1 READ_ROWS oi_5m,5m,knownAt,True,False,null plus training-only imputation indicator,native units; scaler fitted on TRAIN only for linear models,none; future changes require prior TRAIN-only freeze,V1,not established; no gate,True,,No predictive usefulness implied. Prefix invariance required.,float64,oi_percentile1d__available_ms,44,A/B/C state prediction only; no feature gate
premium_z1d,x__premium_z1d,premium z1d,"(current-mean(prior))/sample_std(prior); exclude current, previous 1440 available observations, >=96 finite; no future bins",scripts/build_dataset.py:causal_features; scripts/frozen_indicators.py,frozen V1 READ_ROWS premium_1m,1m,knownAt,True,False,null plus training-only imputation indicator,native units; scaler fitted on TRAIN only for linear models,none; future changes require prior TRAIN-only freeze,V1,not established; no gate,True,,No predictive usefulness implied. Prefix invariance required.,float64,premium_z1d__available_ms,45,A/B/C state prediction only; no feature gate
premium_percentile1d,x__premium_percentile1d,premium percentile1d,"mean(prior<=current); exclude current, previous 1440 available observations, >=96 finite; no future bins",scripts/build_dataset.py:causal_features; scripts/frozen_indicators.py,frozen V1 READ_ROWS premium_1m,1m,knownAt,True,False,null plus training-only imputation indicator,native units; scaler fitted on TRAIN only for linear models,none; future changes require prior TRAIN-only freeze,V1,not established; no gate,True,,No predictive usefulness implied. Prefix invariance required.,float64,premium_percentile1d__available_ms,46,A/B/C state prediction only; no feature gate
premium_level,x__premium_level,premium level,"premium close at minute start q-1m, available at q",scripts/build_dataset.py:causal_features; scripts/frozen_indicators.py,frozen V1 READ_ROWS premium_1m,1m,knownAt,True,False,null plus training-only imputation indicator,native units; scaler fitted on TRAIN only for linear models,none; future changes require prior TRAIN-only freeze,V1,not established; no gate,True,,No predictive usefulness implied. Prefix invariance required.,float64,premium_level__available_ms,47,A/B/C state prediction only; no feature gate
funding_current,x__funding_current,funding current,last realized funding timestamp+5m<=q; maxage24h,scripts/build_dataset.py:causal_features; scripts/frozen_indicators.py,frozen V1 READ_ROWS funding,as-of settlement,knownAt,True,False,null plus training-only imputation indicator,native units; scaler fitted on TRAIN only for linear models,none; future changes require prior TRAIN-only freeze,V1,not established; no gate,True,,"Realized only, no predicted funding; lag is historical availability scenario.",float64,funding_current__available_ms,48,A/B/C state prediction only; no feature gate
long_short_ratio,x__long_short_ratio,long short ratio,"asof(buy_ratio/sell_ratio), lag5m,maxage5m; denominator0=>null",scripts/build_dataset.py:causal_features; scripts/frozen_indicators.py,frozen V1 READ_ROWS long_short_5m,5m,knownAt,True,False,null plus training-only imputation indicator,native units; scaler fitted on TRAIN only for linear models,none; future changes require prior TRAIN-only freeze,V1,not established; no gate,True,,Publication receipt clocks unavailable; scenario causal only.,float64,long_short_ratio__available_ms,49,A/B/C state prediction only; no feature gate
btc_return_5,x__btc_return_5,btc return 5,BTC close(q-1m)/BTC close(q-1m-5m)-1; exact timestamps,scripts/build_dataset.py:causal_features; scripts/frozen_indicators.py,frozen BTC cached minute OHLC,1m,knownAt,True,False,null plus training-only imputation indicator,native units; scaler fitted on TRAIN only for linear models,none; future changes require prior TRAIN-only freeze,V1,not established; no gate,True,,No predictive usefulness implied. Prefix invariance required.,float64,btc_return_5__available_ms,50,A/B/C state prediction only; no feature gate
btc_return_15,x__btc_return_15,btc return 15,BTC close(q-1m)/BTC close(q-1m-15m)-1; exact timestamps,scripts/build_dataset.py:causal_features; scripts/frozen_indicators.py,frozen BTC cached minute OHLC,1m,knownAt,True,False,null plus training-only imputation indicator,native units; scaler fitted on TRAIN only for linear models,none; future changes require prior TRAIN-only freeze,V1,not established; no gate,True,,No predictive usefulness implied. Prefix invariance required.,float64,btc_return_15__available_ms,51,A/B/C state prediction only; no feature gate
btc_return_30,x__btc_return_30,btc return 30,BTC close(q-1m)/BTC close(q-1m-30m)-1; exact timestamps,scripts/build_dataset.py:causal_features; scripts/frozen_indicators.py,frozen BTC cached minute OHLC,1m,knownAt,True,False,null plus training-only imputation indicator,native units; scaler fitted on TRAIN only for linear models,none; future changes require prior TRAIN-only freeze,V1,not established; no gate,True,,No predictive usefulness implied. Prefix invariance required.,float64,btc_return_30__available_ms,52,A/B/C state prediction only; no feature gate
btc_return_60,x__btc_return_60,btc return 60,BTC close(q-1m)/BTC close(q-1m-60m)-1; exact timestamps,scripts/build_dataset.py:causal_features; scripts/frozen_indicators.py,frozen BTC cached minute OHLC,1m,knownAt,True,False,null plus training-only imputation indicator,native units; scaler fitted on TRAIN only for linear models,none; future changes require prior TRAIN-only freeze,V1,not established; no gate,True,,No predictive usefulness implied. Prefix invariance required.,float64,btc_return_60__available_ms,53,A/B/C state prediction only; no feature gate
btc_shock60,x__btc_shock60,btc shock60,btc_return60/sqrt(sum(previous96 completed15m BTC log_returns^2)),scripts/build_dataset.py:causal_features; scripts/frozen_indicators.py,frozen BTC cached minute OHLC,1m/15m,knownAt,True,False,null plus training-only imputation indicator,native units; scaler fitted on TRAIN only for linear models,none; future changes require prior TRAIN-only freeze,V1,not established; no gate,True,,No predictive usefulness implied. Prefix invariance required.,float64,btc_shock60__available_ms,54,A/B/C state prediction only; no feature gate
relative_strength_btc,x__relative_strength_btc,relative strength btc,symbol trigger-close simple60m return minus BTC simple60m return; unaligned,scripts/build_dataset.py:causal_features; scripts/frozen_indicators.py,symbol and BTC frozen OHLC,15m,knownAt,True,False,null plus training-only imputation indicator,native units; scaler fitted on TRAIN only for linear models,none; future changes require prior TRAIN-only freeze,V1,not established; no gate,True,,No predictive usefulness implied. Prefix invariance required.,float64,relative_strength_btc__available_ms,55,A/B/C state prediction only; no feature gate
utc_hour,x__utc_hour,utc hour,UTC hour at q,scripts/build_dataset.py:causal_features; scripts/frozen_indicators.py,event timestamp,15m,knownAt,True,False,forbidden,native units; scaler fitted on TRAIN only for linear models,none; future changes require prior TRAIN-only freeze,V1,not established; no gate,True,,No predictive usefulness implied. Prefix invariance required.,int64,utc_hour__available_ms,56,A/B/C state prediction only; no feature gate
utc_day_of_week,x__utc_day_of_week,utc day of week,UTC weekday Mon=0..Sun=6 at q,scripts/build_dataset.py:causal_features; scripts/frozen_indicators.py,event timestamp,15m,knownAt,True,False,forbidden,native units; scaler fitted on TRAIN only for linear models,none; future changes require prior TRAIN-only freeze,V1,not established; no gate,True,,No predictive usefulness implied. Prefix invariance required.,int64,utc_day_of_week__available_ms,57,A/B/C state prediction only; no feature gate
